x_left,x_right,x_center,empirical_density
-4.057477,-2.468153,-3.262815,0.056628
-2.468153,-0.878829,-1.673491,0.119548
-0.878829,0.710495,-0.084167,0.220219
0.710495,2.299819,1.505157,0.176176
2.299819,3.889143,3.094481,0.037752
3.889143,5.478467,4.683805,0.012584
5.478467,7.067791,6.273129,0.006292
