x_left,x_right,x_center,empirical_density
-8.984744,-7.334476,-8.159610,0.000606
-7.334476,-5.684208,-6.509342,0.000606
-5.684208,-4.033940,-4.859074,0.009695
-4.033940,-2.383672,-3.208806,0.044841
-2.383672,-0.733403,-1.558538,0.144219
-0.733403,0.916865,0.091731,0.218146
0.916865,2.567133,1.741999,0.143007
2.567133,4.217401,3.392267,0.035752
4.217401,5.867669,5.042535,0.006666
5.867669,7.517937,6.692803,0.002424
